{
  "hash": "bd33f67b",
  "configHash": "b775cc8b",
  "lockfileHash": "1860bee2",
  "browserHash": "eeec2c38",
  "optimized": {
    "@angular/core": {
      "src": "../../../../../../node_modules/@angular/core/fesm2022/core.mjs",
      "file": "@angular_core.js",
      "fileHash": "aae635f6",
      "needsInterop": false
    },
    "@angular/platform-browser": {
      "src": "../../../../../../node_modules/@angular/platform-browser/fesm2022/platform-browser.mjs",
      "file": "@angular_platform-browser.js",
      "fileHash": "85bad358",
      "needsInterop": false
    },
    "@angular/router": {
      "src": "../../../../../../node_modules/@angular/router/fesm2022/router.mjs",
      "file": "@angular_router.js",
      "fileHash": "6f11dd70",
      "needsInterop": false
    }
  },
  "chunks": {
    "chunk-C2FRCCBN": {
      "file": "chunk-C2FRCCBN.js"
    },
    "chunk-VSF4W2WL": {
      "file": "chunk-VSF4W2WL.js"
    }
  }
}